"split","Overall","Depth","Distance"
"3D","0.8858333333333334","0.8783333333333333","0.8933333333333333"
