"split","ADE20K","COCO","Overall"
"2D","0.7488151658767772","0.8285714285714286","0.788693297224103"
