"AR","DE","FR","IT","JA","KR","RU","TH","VI"
"0.06685633001422475","0.3053435114503817","0.37358916478555304","0.2850678733031674","0.13285024154589373","0.13799283154121864","0.0582010582010582","0.1645021645021645","0.16063348416289594"
