"AR","DE","FR","IT","JA","KR","RU","TH","VI"
"0.032716927453769556","0.2748091603053435","0.3115124153498871","0.2669683257918552","0.09782608695652174","0.08960573476702509","0.04894179894179894","0.08225108225108226","0.1255656108597285"
