"AR","DE","FR","IT","JA","KR","RU","TH","VI"
"0.01991465149359886","0.21851145038167938","0.2325056433408578","0.21945701357466063","0.05314009661835749","0.06451612903225806","0.04497354497354497","0.025974025974025976","0.10294117647058823"
