"AR","DE","FR","IT","JA","KR","RU","TH","VI"
"0.011379800853485065","0.1297709923664122","0.12076749435665914","0.14705882352941177","0.033816425120772944","0.03763440860215054","0.01455026455026455","0.008658008658008658","0.05090497737556561"
