"AR","DE","FR","IT","JA","KR","RU","TH","VI"
"0.01422475106685633","0.12404580152671756","0.14108352144469527","0.17081447963800905","0.03743961352657005","0.06093189964157706","0.023809523809523808","0.021645021645021644","0.06221719457013575"
