"split","Overall","Instance Attributes","Instance Identity","Instance Interaction","Instance Location","Instances Counting","Scene Understanding","Spatial Relation","Text Understanding","Visual Reasoning"
"none","0.7274451939291737","0.7515594751559476","0.7624249044238122","0.7422680412371134","0.689161554192229","0.6493665713118104","0.7732742241925269","0.5844748858447488","0.47619047619047616","0.7915407854984894"
