"split","Overall","calligraphy_painting","cultural_relic","food_clothes","historical_figure","scenery_building","sketch_reasoning","traditional_show"
"none","0.23333333333333334","0.21052631578947367","0.23711340206185566","0.1826086956521739","0.0","0.29473684210526313","0.4222222222222222","0.24242424242424243"
