"split","Overall","acc","precision","recall"
"Overall","84.95773247140727","86.55555555555556","96.41647855530474","75.93333333333334"
"random","85.83270535041446","87.46666666666667","98.70017331022531","75.93333333333334"
"adversarial","84.18329637841832","85.73333333333333","94.44444444444444","75.93333333333334"
"popular","84.87332339791355","86.46666666666667","96.19932432432432","75.93333333333334"
