{
    "Bleu": [
        10.595085072804503,
        6.111570290271283,
        3.1631367942092585,
        1.681618198755622
    ],
    "ROUGE_L": 11.597239629750236,
    "CIDEr": 0.05592616046387743
}