{
    "Bleu": [
        13.662588485617224,
        8.474698523500987,
        4.906471815788301,
        2.8829820068766447
    ],
    "ROUGE_L": 21.268334036572963,
    "CIDEr": 14.230789515590189
}