"split","Overall","calligraphy_painting","cultural_relic","food_clothes","historical_figure","scenery_building","sketch_reasoning","traditional_show"
"none","0.3392156862745098","0.3508771929824561","0.26804123711340205","0.33043478260869563","0.17142857142857143","0.3157894736842105","0.6444444444444445","0.36363636363636365"
