"split","Overall","Instance Attributes","Instance Identity","Instance Interaction","Instance Location","Instances Counting","Scene Understanding","Spatial Relation","Text Understanding","Visual Reasoning"
"none","0.6788926363125352","0.6889653688965369","0.7296559257236482","0.6701030927835051","0.6625766871165644","0.5422966898242746","0.7710576314122862","0.5494672754946728","0.40476190476190477","0.7643504531722054"
