"split","Overall","acc","precision","recall"
"Overall","83.33951762523192","85.03333333333333","93.97489539748955","74.86666666666667"
"popular","83.40141106572595","85.1","94.13243922883487","74.86666666666667"
"random","84.8507744616547","86.63333333333333","97.9075850043592","74.86666666666667"
"adversarial","81.82149362477233","83.36666666666666","90.20080321285141","74.86666666666667"
